status,ref_type,duration,is_relevant
1,1,4187,1
1,5,5902,1
1,1,15653,1
1,5,5337,1
1,5,5120,1
1,1,6246,1
1,5,4694,1
1,1,15203,1
1,1,15240,1
1,1,5077,1
1,5,5301,1
1,1,6122,1
1,1,4705,1
1,1,4741,1
1,5,3141,1
1,1,15418,1
1,1,15077,1
1,1,15157,1
1,1,2854,1
1,1,15536,1
1,5,2902,1
1,5,2202,1
1,1,6586,1
1,1,4914,1
1,5,2815,1
1,1,15306,1
1,5,4718,1
1,5,2754,1
1,1,4704,1
1,1,4923,1
1,1,4674,1
1,1,4820,1
1,1,4885,1
1,5,2749,1
1,1,5985,1
1,1,5853,1
1,1,6304,1
1,5,14509,1
1,5,7371,1
1,1,15600,1
1,3,5716,1
1,1,5873,1
1,1,4708,1
1,5,3098,1
1,5,2891,1
1,1,6029,1
1,1,4788,1
1,0,7896,1
1,1,15227,1
1,1,15582,1
1,5,4893,1
1,1,6057,1
1,5,2977,1
2,1,6349,1
1,1,4571,1
1,3,5752,1
1,1,6827,1
1,1,3988,1
1,1,2201,1
1,1,15510,1
1,1,16269,1
1,5,5683,1
1,2,804,1
1,1,5235,1
1,5,2517,1
1,5,3039,1
1,1,16068,1
1,5,5633,1
1,5,5592,1
1,1,15376,1
1,1,6005,1
1,1,15154,1
1,1,15200,1
1,1,15112,1
1,5,2921,1
1,5,3121,1
1,1,4020,1
1,1,5272,1
1,1,4851,1
1,5,2764,1
1,1,8852,1
1,5,5618,1
1,1,6255,1
1,1,6141,1
1,1,15521,1
1,1,15405,1
1,1,15192,1
1,1,15161,1
1,1,15194,1
1,1,15195,1
1,1,15432,1
1,1,5739,1
1,1,15232,1
1,1,15121,1
1,1,15107,1
1,1,15766,1
1,1,15422,1
1,5,5603,1
1,1,5162,1
1,1,5658,1
1,5,7329,1
1,2,5752,1
1,5,4646,1
1,5,5392,1
1,5,2902,1
1,1,6491,1
1,1,6439,1
1,1,6574,1
1,1,6503,1
1,1,6555,1
1,1,5909,1
1,1,5678,1
1,5,5243,1
1,1,6692,1
1,1,4743,1
1,2,5132,1
1,1,5857,1
1,5,7752,1
1,1,5240,1
1,5,4723,1
1,1,6140,1
2,1,2407,1
1,5,3528,1
1,5,6857,1
1,1,8291,1
1,5,3347,1
1,5,4744,1
1,5,2397,1
1,1,4964,1
1,1,4609,1
1,1,6592,1
1,1,2480,1
1,1,8575,1
1,2,2194,1
1,5,5025,1
1,1,5258,1
1,5,4895,1
1,5,2821,1
1,5,7322,1
1,1,5963,1
1,5,15089,1
1,0,3447,1
1,5,4610,1
1,5,5525,1
1,1,4600,1
1,1,5122,1
1,1,4787,1
1,1,4596,1
1,5,5493,1
1,5,5617,1
1,5,4881,1
1,5,5617,1
1,1,15740,1
1,1,15357,1
1,5,807,1
1,5,2357,1
2,5,5105,1
1,1,2663,1
1,0,2811,1
1,1,2329,1
1,5,3116,1
1,5,2770,1
1,1,6421,1
1,1,6209,1
1,4,7351,1
1,5,7687,1
1,1,4704,1
1,1,4640,1
1,1,4676,1
1,5,3089,1
1,1,4781,1
1,1,15418,1
1,1,4816,1
1,1,4707,1
1,1,4785,1
1,1,4642,1
1,1,5658,1
2,5,5335,1
1,5,5285,1
1,5,5555,1
1,5,3297,1
1,1,5155,1
1,5,6355,1
1,5,5234,1
1,1,5343,1
2,1,1591,1
1,1,6448,1
1,1,6545,1
1,1,6705,1
1,5,5247,1
1,2,6162,1
1,5,5837,1
1,5,3648,1
1,1,5993,1
1,2,5718,1
1,2,5863,1
1,2,5826,1
1,1,8392,1
1,5,2700,1
1,5,5062,1
2,5,4658,1
1,5,2700,1
1,5,2189,1
1,5,5291,1
2,1,6893,1
1,1,5293,1
1,5,3349,1
1,5,5365,1
1,1,15450,1
1,1,6313,1
1,5,3049,1
1,1,15289,1
1,1,15061,1
1,1,15171,1
1,5,5451,1
1,1,15387,1
1,1,6609,1
1,1,5261,1
1,1,2227,1
1,1,2270,1
1,1,2461,1
1,5,7882,1
1,5,2581,1
1,5,2336,1
1,5,4727,1
1,5,5364,1
1,5,4748,1
1,5,4962,1
1,1,6771,1
1,5,4542,1
2,1,6997,1
1,5,5251,1
1,5,5468,1
1,1,6429,1
1,5,5415,1
1,5,3702,1
1,5,2908,1
1,5,5263,1
1,5,4988,1
1,5,2488,1
1,1,5835,1
1,5,4978,1
1,1,5871,1
1,1,6002,1
1,1,6228,1
1,1,6458,1
1,5,5571,1
1,5,5381,1
1,5,2576,1
1,5,2856,1
1,5,3431,1
1,5,7445,1
1,1,8766,1
1,5,6256,1
1,2,2018,1
1,5,2629,1
1,5,5654,1
1,5,5339,1
1,1,5915,1
1,5,4649,1
1,2,4958,1
1,1,5225,1
1,2,5552,1
1,1,6193,1
1,2,5875,1
1,1,15232,1
1,5,7864,1
1,5,3422,1
1,1,6550,1
1,5,5421,1
1,1,5782,1
1,1,6791,1
1,1,6523,1
1,1,6509,1
1,1,6501,1
1,5,5228,1
1,1,6675,1
1,1,3733,1
1,1,6333,1
1,1,6338,1
1,1,5844,1
1,1,6382,1
1,2,5656,1
1,5,2954,1
1,5,6045,1
1,5,5781,1
1,1,6799,1
1,5,3403,1
1,1,6390,1
1,2,5846,1
1,5,3302,1
1,5,4676,1
1,5,2797,1
1,5,5376,1
1,2,4978,1
1,5,4551,1
1,5,4855,1
1,5,4982,1
1,2,6222,1
1,5,14749,1
1,1,1417,1
1,5,2063,1
1,1,5889,1
1,5,2831,1
1,5,5282,1
1,1,4007,1
1,2,5857,1
1,2,5876,1
1,1,6106,1
1,5,2406,1
1,5,7560,1
1,5,2401,1
1,1,1932,1
1,5,5392,1
1,5,2555,1
1,5,2689,1
1,2,2259,1
1,2,5045,1
1,5,3192,1
2,5,2327,1
1,5,904,1
1,1,5765,1
1,5,5141,1
1,1,6525,1
1,5,2629,1
1,5,5344,1
1,5,2160,1
1,2,6074,1
1,5,2126,1
1,5,5099,1
1,1,6259,1
1,5,2157,1
1,5,2659,1
1,1,5955,1
1,5,5390,1
1,5,5456,1
1,1,6128,1
1,5,5439,1
1,5,5564,1
1,1,6277,1
1,5,5554,1
1,1,5045,1
1,5,5296,1
1,1,5748,1
1,1,5365,1
2,5,2243,1
1,1,6077,1
1,5,1527,1
1,5,1736,1
1,1,6649,1
1,5,4988,1
1,5,5447,1
1,1,6408,1
1,5,2845,1
1,1,6247,1
1,5,3407,1
1,5,7620,1
1,5,5429,1
1,1,5256,1
1,5,807,1
1,5,1939,1
1,5,4474,1
1,1,5381,1
1,4,6667,1
1,1,2181,1
1,1,910,1
1,5,5472,1
1,5,2823,1
1,1,718,1
1,5,2462,1
1,5,2516,1
1,5,6326,1
1,1,6224,1
1,1,6030,1
1,1,6253,1
1,5,3580,1
1,5,5408,1
1,1,6015,1
1,1,6042,1
1,1,6667,1
1,1,5814,1
1,5,2120,1
1,1,15102,1
1,1,15168,1
1,1,7484,1
1,5,3547,1
1,5,3398,1
1,1,15074,1
1,1,15133,1
1,2,5710,1
1,5,6345,1
1,5,6308,1
1,2,5905,1
1,5,3378,1
1,5,5824,1
1,1,4572,1
1,1,4239,1
1,1,4177,1
1,1,4044,1
1,1,878,1
1,5,5017,1
1,1,15221,1
2,5,1976,1
1,5,611,1
1,5,4921,1
1,1,15116,1
1,1,3892,1
1,5,4578,1
1,5,3303,1
1,0,4588,1
1,5,4493,1
1,1,15244,1
1,5,6061,1
1,5,4775,1
1,5,6206,1
1,5,6784,1
1,2,5884,1
1,5,5199,1
1,5,5544,1
1,5,6696,1
1,5,5009,1
1,5,2701,1
1,5,2551,1
1,5,5266,1
1,1,6031,1
1,5,2227,1
1,5,3190,1
1,5,2860,1
1,5,5358,1
1,5,7596,1
1,1,6096,1
1,5,3270,1
1,5,3078,1
1,5,14846,1
1,1,5203,1
1,5,4903,1
1,5,3219,1
1,0,1922,1
1,1,5424,1
1,2,4818,1
1,2,4775,1
1,5,7296,1
1,5,5371,1
1,1,6043,1
1,4,6492,1
1,5,2006,1
1,4,6788,1
1,5,2885,1
1,1,6247,1
1,5,5235,1
1,5,5366,1
1,1,2237,1
1,5,5931,1
1,5,5700,1
1,5,3246,1
1,5,7048,1
1,3,6563,1
1,5,2421,1
1,1,5848,1
1,5,1250,1
1,5,2781,1
1,1,15302,1
1,5,5267,1
1,5,5137,1
1,1,15289,1
1,5,2429,1
1,1,15206,1
1,1,15110,1
1,1,15170,1
1,5,1877,1
1,1,15100,1
1,1,15163,1
1,1,15098,1
1,5,5270,1
1,5,6115,1
1,1,15228,1
1,2,5972,1
1,1,15459,1
1,1,5883,1
1,2,5989,1
1,5,5498,1
1,5,5587,1
1,5,3358,1
2,5,2454,1
1,5,2491,1
1,5,6032,1
1,5,5667,1
1,0,3862,1
1,1,5770,1
1,5,5543,1
1,5,2304,1
1,1,5547,1
1,5,5299,1
1,5,2387,1
1,5,4773,1
1,1,5881,1
1,5,2542,1
1,5,4290,1
2,5,2182,1
1,1,5473,1
1,2,4897,1
1,2,4949,1
1,5,2512,1
1,5,1355,1
1,1,4230,1
1,0,3122,1
1,5,2181,1
1,5,5231,1
1,1,6417,1
1,5,5088,1
1,5,5754,1
1,5,5561,1
1,5,6795,1
1,5,5422,1
1,5,5279,1
1,5,2130,1
1,5,5441,1
1,1,5832,1
1,5,5641,1
1,5,5669,1
1,5,2979,1
1,5,5367,1
1,1,6232,1
1,5,8231,1
1,5,5173,1
1,1,2348,1
1,5,5065,1
1,5,5448,1
1,5,5501,1
1,0,5144,1
1,5,4430,1
1,5,5476,1
1,1,5572,1
1,5,5381,1
1,1,5209,1
1,5,5253,1
2,3,6723,1
1,5,5642,1
1,5,2968,1
1,2,5380,1
1,5,2343,1
2,5,2402,1
1,5,2753,1
1,0,4880,1
1,5,5208,1
1,5,9066,1
1,5,4657,1
1,1,5553,1
1,5,2782,1
1,5,5182,1
1,1,5450,1
1,5,5382,1
1,1,5953,1
1,5,2332,1
1,4,6498,1
1,1,6140,1
1,4,6714,1
1,2,5599,1
1,2,5680,1
1,1,7017,1
1,5,6256,1
1,1,1386,1
1,1,5582,1
1,2,6184,1
1,2,5827,1
1,1,5888,1
1,5,3307,1
1,5,2153,1
1,1,1996,1
1,1,5756,1
1,1,2359,1
1,1,7424,1
1,1,5698,1
1,2,5599,1
1,1,1910,1
1,1,5666,1
1,1,6001,1
1,5,5102,1
1,1,6726,1
1,5,5218,1
1,1,7319,1
1,1,5757,1
1,1,3959,1
1,1,5695,1
1,5,3690,1
1,1,2068,1
1,1,2010,1
1,2,5719,1
1,5,5688,1
1,5,6329,1
1,5,3266,1
1,5,4765,1
1,5,5358,1
1,1,4605,1
1,5,6127,1
1,5,5454,1
1,2,4951,1
1,5,4644,1
1,0,4932,1
1,1,5871,1
1,1,6187,1
1,5,2030,1
1,1,2306,1
2,5,2912,1
1,5,5592,1
1,5,4872,1
1,5,5107,1
1,5,1567,1
1,5,1824,1
1,5,3492,1
1,5,2083,1
1,1,5800,1
1,1,2296,1
2,0,1990,1
1,5,4937,1
2,5,1180,1
1,5,5479,1
1,1,5786,1
1,1,2322,1
1,5,1968,1
1,5,5248,1
1,5,6170,1
1,5,3115,1
1,5,2728,1
1,5,2358,1
1,5,5537,1
1,5,6272,1
1,5,6673,1
1,5,6887,1
1,5,2464,1
1,5,2286,1
1,5,6573,1
1,5,5479,1
1,5,5243,1
1,1,6026,1
1,5,5126,1
1,5,2588,1
1,5,5940,1
1,2,2287,1
1,1,2572,1
2,1,2432,1
1,5,2398,1
2,5,2304,1
2,5,2475,1
1,5,2454,1
1,5,5070,1
1,5,3278,1
1,2,5726,1
1,5,4981,1
1,5,2060,1
1,1,5863,1
1,1,6057,1
1,5,2385,1
1,2,5681,1
1,5,5281,1
1,5,2191,1
1,5,5519,1
1,5,5791,1
1,5,5107,1
1,5,5413,1
1,5,2712,1
1,5,2262,1
2,5,5010,1
1,2,5756,1
1,1,6174,1
1,5,5512,1
1,5,5359,1
1,5,5242,1
1,5,5262,1
1,5,5682,1
2,5,5372,1
1,5,5557,1
1,5,3209,1
1,5,2231,1
1,5,6408,1
1,5,5857,1
1,5,4756,1
1,2,5035,1
1,2,4855,1
1,5,4923,1
1,3,5920,1
2,1,7689,1
1,5,1632,1
1,5,4746,1
1,5,2260,1
1,5,4693,1
1,5,2837,1
1,5,3071,1
1,5,5259,1
1,5,5578,1
1,5,5965,1
1,5,5372,1
1,5,2766,1
1,5,5438,1
1,4,6924,1
1,4,6796,1
1,3,6198,1
1,5,3971,1
2,1,8295,1
1,5,6202,1
1,5,2133,1
1,1,966,1
1,5,5624,1
1,3,5285,1
1,5,2059,1
1,5,2804,1
1,5,2552,1
1,5,5394,1
1,5,5270,1
1,5,5193,1
1,1,2024,1
1,1,7371,1
1,1,2119,1
1,1,5820,1
1,1,2049,1
1,1,6049,1
1,1,2128,1
1,1,5975,1
1,5,5232,1
1,1,5766,1
1,5,5418,1
1,1,5592,1
1,1,2137,1
1,1,5665,1
1,2,5907,1
2,2,5891,1
1,1,1955,1
1,1,2051,1
1,1,5770,1
1,5,5172,1
1,1,2036,1
1,5,5513,1
1,5,5522,1
1,1,6321,1
1,1,1878,1
1,2,6304,1
1,2,5893,1
1,1,7410,1
1,1,3359,1
1,2,6340,1
1,2,5943,1
2,5,5790,1
2,0,2765,1
1,1,5358,1
1,2,5026,1
1,5,4591,1
1,5,5459,1
1,1,7835,1
1,5,4887,1
1,2,3006,1
1,5,4442,1
1,5,6470,1
1,0,4997,1
1,1,5732,1
1,1,4450,1
1,5,4611,1
1,0,995,1
1,5,1817,1
1,5,4728,1
1,0,1837,1
1,5,4484,1
1,1,5380,1
1,5,2506,1
2,5,1620,1
1,5,5154,1
1,5,2517,1
2,5,2802,1
1,3,5415,1
3,5,5,1
1,5,2783,1
1,0,6684,1
1,5,2237,1
1,5,3852,1
2,5,2928,1
1,5,2742,1
1,5,6059,1
2,5,2738,1
1,5,4167,1
1,5,3262,1
1,5,6223,1
1,5,2920,1
1,5,2646,1
1,5,2393,1
2,5,2718,1
1,5,2611,1
1,5,2504,1
1,5,2356,1
2,5,1495,1
1,5,8023,1
1,5,1315,1
1,5,2640,1
1,5,2122,1
1,5,2319,1
1,5,2210,1
1,5,2457,1
1,5,5317,1
2,5,2473,1
2,5,5083,1
1,5,2187,1
1,2,5699,1
1,5,2366,1
1,5,2337,1
2,5,2082,1
1,5,3387,1
1,2,5957,1
1,5,5355,1
1,5,2448,1
1,5,8163,1
1,1,3890,1
1,5,5281,1
1,1,5987,1
1,2,5945,1
1,1,6243,1
1,5,2947,1
1,0,3194,1
1,5,3235,1
1,1,5515,1
2,5,2294,1
1,5,2327,1
1,5,5837,1
2,5,2452,1
1,5,6570,1
1,5,5642,1
1,5,5066,1
1,2,4877,1
1,2,4925,1
1,5,2385,1
1,5,2278,1
1,5,2339,1
1,5,7872,1
1,5,4557,1
1,5,5324,1
1,5,1299,1
1,5,3810,1
1,5,1032,1
1,5,3208,1
1,2,5146,1
1,5,3178,1
1,5,5330,1
1,5,3552,1
1,5,6071,1
1,5,6787,1
1,1,4549,1
1,2,4891,1
2,0,1288,1
1,5,5126,1
1,5,5195,1
1,5,4897,1
1,5,5327,1
1,5,5372,1
1,2,5056,1
1,2,4826,1
1,5,840,1
2,5,5703,1
1,5,1771,1
1,5,2176,1
1,5,4805,1
1,5,1958,1
1,5,4829,1
1,3,4471,1
2,1,6997,1
2,5,1718,1
1,5,4878,1
1,5,4671,1
1,5,4815,1
1,5,2407,1
1,3,6402,1
1,5,5511,1
1,5,6355,1
1,3,6175,1
2,1,958,1
1,4,6509,1
2,1,705,1
1,3,5845,1
1,3,6120,1
1,5,6169,1
1,3,5963,1
1,5,6896,1
1,5,5925,1
1,5,6155,1
1,5,2399,1
1,5,5305,1
1,5,7155,1
1,5,2607,1
1,2,5795,1
1,2,5574,1
1,2,5696,1
1,2,5717,1
1,2,5601,1
1,2,5660,1
1,2,5660,1
1,2,5803,1
1,2,5853,1
2,2,2027,1
1,2,5740,1
1,2,5627,1
1,2,5611,1
1,1,2344,1
1,1,5700,1
1,2,5748,1
1,5,2762,1
1,2,5584,1
1,5,5521,1
1,2,5651,1
1,2,3076,1
1,1,2031,1
1,1,5624,1
1,5,4688,1
1,5,5195,1
1,1,2034,1
1,1,5607,1
1,1,5798,1
1,1,5941,1
1,1,5662,1
1,5,3009,1
1,5,5440,1
1,5,3330,1
1,5,5107,1
1,1,6116,1
2,2,5841,1
1,1,5639,1
1,2,5754,1
1,2,5728,1
1,1,5784,1
1,2,5732,1
1,2,5736,1
1,1,662,1
1,5,6420,1
1,2,5697,1
1,1,5999,1
1,2,5709,1
2,1,7129,1
1,5,5820,1
1,5,3398,1
1,5,5764,1
1,2,5789,1
1,2,5786,1
1,2,5917,1
1,2,5933,1
1,2,5834,1
1,2,5797,1
1,5,5496,1
1,5,5465,1
1,5,2097,1
1,1,6407,1
1,5,3496,1
1,5,3335,1
2,5,7582,1
1,2,4975,1
1,2,4931,1
1,2,5010,1
1,2,5112,1
2,5,2185,1
2,5,7764,1
1,5,5234,1
1,2,5154,1
1,5,4764,1
1,1,2988,1
1,5,5469,1
1,5,5224,1
1,5,5562,1
1,1,5356,1
1,5,2359,1
1,5,3679,1
1,2,4950,1
1,5,2247,1
1,5,2325,1
1,5,2477,1
1,5,5736,1
1,5,5259,1
1,5,5356,1
1,5,5764,1
2,1,567,1
1,3,6054,1
1,5,5872,1
1,5,6034,1
1,5,5828,1
1,5,5441,1
1,1,6047,1
1,5,5378,1
1,5,5289,1
1,5,5016,1
1,5,2088,1
1,0,4941,1
1,5,2338,1
1,2,1978,1
1,5,5056,1
1,5,5242,1
1,5,2923,1
1,5,5413,1
3,5,3415,1
1,5,5304,1
2,1,2180,1
1,1,5818,1
2,1,7049,1
1,5,5095,1
1,5,5515,1
1,1,8176,1
1,2,5707,1
1,1,6239,1
1,2,5850,1
1,5,2676,1
1,2,7708,1
1,5,5368,1
1,5,5291,1
1,5,5595,1
1,5,3147,1
1,0,2399,1
1,5,5325,1
1,5,5269,1
1,5,5468,1
1,5,3198,1
1,5,3692,1
1,5,5281,1
1,1,5339,1
1,2,5461,1
1,5,4590,1
1,5,5674,1
1,5,3120,1
1,2,4824,1
1,2,4983,1
2,5,4821,1
1,1,5827,1
1,5,3035,1
1,1,5945,1
1,5,3279,1
1,1,5275,1
1,2,14806,1
1,5,4896,1
1,5,3122,1
1,5,5088,1
1,1,5191,1
1,1,4143,1
1,2,5282,1
1,5,2937,1
1,5,3228,1
1,5,5048,1
1,1,2277,1
1,5,2377,1
1,0,4888,1
1,5,5288,1
1,3,316,1
1,5,5203,1
1,4,6938,1
1,3,6069,1
1,5,5494,1
1,3,5911,1
1,3,6091,1
1,5,5205,1
1,1,4759,1
1,5,5547,1
1,5,6963,1
1,5,5869,1
1,5,5630,1
2,1,2158,1
1,5,6196,1
1,1,2112,1
1,4,6869,1
1,5,5572,1
1,5,2688,1
1,2,5956,1
1,5,2431,1
1,1,449,1
1,5,7015,1
1,5,522,1
1,4,7397,1
1,5,2037,1
1,5,7917,1
1,5,5211,1
1,5,3322,1
1,5,2856,1
1,3,6120,1
1,5,384,1
1,1,2246,1
1,0,5028,1
1,5,3008,1
1,5,2063,1
1,5,5108,1
1,5,5096,1
1,1,2226,1
1,5,4977,1
1,5,2014,1
1,5,2606,1
1,5,2542,1
1,5,5115,1
1,5,2856,1
1,5,5178,1
1,1,5531,1
1,1,7307,1
1,1,4797,1
1,1,5107,1
1,5,7661,1
1,1,5802,1
1,5,5427,1
1,1,5832,1
1,1,5965,1
1,5,2850,1
1,1,5023,1
1,1,5177,1
1,5,5306,1
1,1,5082,1
1,1,5106,1
1,2,5762,1
2,2,5656,1
1,2,5656,1
1,2,396,1
1,5,5759,1
1,5,2623,1
1,5,5353,1
1,5,5602,1
1,5,3293,1
2,2,5849,1
1,5,2391,1
1,5,5343,1
1,5,5344,1
2,5,2392,1
1,1,6076,1
1,1,9076,1
1,1,5877,1
1,5,5571,1
2,5,6596,1
1,5,5531,1
1,5,3412,1
1,5,3176,1
1,1,491,1
1,5,2213,1
2,1,6661,1
1,2,5077,1
1,2,4887,1
1,1,451,1
1,5,3198,1
1,1,4752,1
1,5,4690,1
1,1,4577,1
1,2,5026,1
1,2,4950,1
1,1,398,1
1,5,3203,1
1,5,2910,1
1,1,2754,1
1,2,4775,1
1,2,5163,1
1,5,4571,1
1,2,4809,1
1,1,6156,1
1,2,5051,1
1,1,2687,1
1,2,5019,1
1,5,2546,1
1,1,450,1
1,5,4931,1
1,5,4882,1
1,5,3045,1
1,5,3172,1
1,5,3038,1
1,5,4917,1
1,5,4885,1
1,2,4913,1
1,2,4917,1
1,5,4887,1
1,5,4909,1
1,2,5074,1
1,2,4825,1
1,2,5086,1
1,1,4547,1
2,5,3056,1
1,5,4722,1
1,5,3150,1
1,4,6445,1
1,5,6281,1
1,5,5281,1
1,5,6177,1
1,5,927,1
1,0,3496,1
1,5,509,1
1,5,756,1
1,5,455,1
2,1,8337,1
2,1,9157,1
1,5,362,1
2,2,930,1
1,2,5634,1
1,2,5694,1
2,1,6857,1
1,2,5529,1
1,2,5796,1
1,5,2770,1
1,5,5287,1
1,2,5667,1
1,5,2755,1
1,1,5887,1
1,5,2526,1
1,1,5725,1
1,1,6137,1
1,1,6679,1
2,1,7679,1
1,5,5160,1
2,5,2824,1
2,1,7199,1
2,1,6667,1
1,1,7518,1
1,2,5813,1
2,2,5870,1
2,2,749,1
1,2,5619,1
1,5,5509,1
1,2,5655,1
1,2,5699,1
1,2,5782,1
1,2,5977,1
1,2,5901,1
1,2,5846,1
1,2,5782,1
1,5,5143,1
1,2,6136,1
1,2,5945,1
1,5,395,1
1,5,5567,1
2,5,5591,1
1,5,5557,1
2,5,2172,1
2,1,7360,1
1,2,6266,1
1,2,5827,1
1,5,473,1
1,5,3668,1
1,5,5616,1
1,5,5353,1
2,2,6188,1
2,5,916,1
1,2,5170,1
1,2,4985,1
1,2,5113,1
1,2,5032,1
1,2,5011,1
2,2,2240,1
1,2,4994,1
1,5,3239,1
1,5,368,1
3,5,874,1
1,5,530,1
1,2,5123,1
1,2,4995,1
1,2,5134,1
1,1,5239,1
1,2,4878,1
1,2,5005,1
1,1,5081,1
1,2,5097,1
1,2,4867,1
1,3,5440,1
1,2,5026,1
1,2,4836,1
1,1,5676,1
1,5,4963,0
1,5,5134,0
1,4,6900,0
2,5,5052,0
2,5,5279,0
2,5,2746,0
2,5,4830,0
1,1,1759,0
1,5,5288,0
2,2,2040,0
2,2,5721,0
2,5,5361,0
2,2,1581,0
1,1,2397,0
2,2,5665,0
2,5,5165,0
2,2,954,0
1,1,2397,0
2,2,1915,0
1,5,764,0
2,2,2093,0
1,1,2397,0
2,2,5857,0
1,1,7419,0
2,2,2039,0
1,4,6551,0
1,2,5682,0
2,2,2054,0
1,1,2425,0
2,2,2039,0
2,2,981,0
1,1,4934,0
1,2,438,0
1,1,2379,0
2,2,6269,0
1,2,2324,0
1,2,1777,0
2,2,6087,0
2,1,1842,0
1,1,4571,0
1,2,226,0
2,2,2282,0
1,1,2698,0
2,2,5583,0
2,2,767,0
1,1,1378,0
1,1,5015,0
2,2,2071,0
1,4,6535,0
2,2,5730,0
2,4,974,0
2,2,2050,0
2,2,5746,0
2,2,1540,0
2,2,5701,0
2,2,1831,0
1,1,2018,0
2,2,5629,0
2,5,5316,0
2,5,568,0
1,5,2120,0
1,5,2001,0
2,2,1708,0
1,4,6461,0
3,5,395,0
2,5,1692,0
3,5,49,0
2,1,2282,0
2,5,4957,0
2,5,4904,0
2,5,4897,0
1,0,2624,0
2,1,1634,0
1,5,4993,0
3,5,248,0
2,5,1627,0
1,4,6574,0
1,5,2289,0
2,5,2673,0
2,1,2036,0
2,5,2299,0
2,5,2089,0
2,5,1970,0
3,5,182,0
2,5,1865,0
2,5,3068,0
2,5,6066,0
1,5,489,0
1,4,7336,0
1,0,5538,0
2,5,6149,0
2,5,5573,0
1,5,5951,0
2,1,2307,0
2,1,1967,0
1,0,249,0
1,5,2171,0
1,5,6391,0
2,5,3361,0
2,2,2037,0
1,4,6577,0
2,2,5462,0
3,5,28,0
2,2,1952,0
2,2,5596,0
2,5,5112,0
2,2,943,0
1,1,897,0
2,2,1950,0
1,4,6658,0
2,2,5790,0
1,2,474,0
2,2,5599,0
2,2,1960,0
2,2,5665,0
2,2,1957,0
2,2,1989,0
2,2,5434,0
1,5,5129,0
2,2,933,0
2,2,1941,0
2,2,5689,0
1,4,6502,0
2,2,1937,0
1,2,219,0
2,1,1830,0
2,2,1136,0
2,2,2027,0
2,2,5491,0
2,2,691,0
1,1,5038,0
2,2,1865,0
1,4,6689,0
2,2,5606,0
2,4,1189,0
2,2,1905,0
2,1,954,0
2,2,2017,0
1,4,6581,0
2,2,5855,0
2,5,2323,0
2,2,2206,0
2,2,5792,0
2,5,2812,0
3,5,311,0
2,2,2027,0
2,2,5798,0
3,0,111,0
2,0,6360,0
3,5,1963,0
2,0,5567,0
2,5,2486,0
2,5,4434,0
1,5,6684,0
3,5,234,0
2,5,2238,0
1,5,3815,0
1,4,7058,0
1,3,6016,0
2,5,5683,0
2,5,3963,0
2,5,2822,0
2,5,5667,0
1,5,974,0
1,5,6391,0
2,5,2509,0
2,4,7690,0
3,5,2808,0
1,5,3750,0
1,5,2685,0
2,1,2179,0
1,5,2087,0
2,5,3077,0
2,5,2252,0
2,5,5689,0
2,5,5344,0
2,5,5565,0
2,5,5707,0
1,3,828,0
1,5,6849,0
2,5,5788,0
3,5,1698,0
1,5,2750,0
1,5,2651,0
2,5,6350,0
2,5,3118,0
2,5,6375,0
1,3,715,0
1,5,426,0
1,5,5473,0
2,5,5649,0
2,5,3031,0
1,3,1317,0
2,5,5801,0
2,5,5809,0
2,1,2727,0
2,1,7687,0
2,5,5838,0
2,5,5904,0
2,5,2910,0
1,5,7475,0
2,5,2217,0
2,2,1948,0
2,4,7549,0
2,5,6330,0
2,5,7051,0
1,3,1021,0
2,5,5366,0
1,5,390,0
1,2,1980,0
1,1,2207,0
1,5,281,0
2,5,2763,0
2,5,5381,0
2,2,2673,0
1,1,872,0
2,2,2025,0
2,4,6955,0
2,2,5866,0
1,3,1048,0
1,2,1946,0
2,1,2072,0
2,2,5566,0
2,1,7126,0
2,5,5070,0
1,1,8085,0
2,2,1814,0
2,2,5920,0
1,3,594,0
1,2,1988,0
2,2,1888,0
1,2,1193,0
1,1,5104,0
1,2,337,0
2,2,6170,0
1,3,717,0
2,2,1299,0
2,2,5891,0
2,4,1035,0
1,2,2136,0
2,2,5957,0
1,2,2066,0
2,2,5701,0
1,3,927,0
2,5,5183,0
2,2,5711,0
1,5,6078,0
1,3,1003,0
2,3,2586,0
1,5,297,0
1,5,225,0
1,5,5227,0
2,1,7256,0
2,5,2557,0
2,5,2049,0
3,5,4,0
1,5,5026,0
2,5,5115,0
2,5,5111,0
1,5,249,0
1,5,468,0
3,5,177,0
1,4,516,0
2,5,2787,0
1,5,513,0
2,5,5245,0
1,5,4968,0
1,5,460,0
1,5,358,0
2,5,5670,0
2,5,2570,0
2,5,5591,0
2,5,2821,0
2,5,2071,0
2,5,3062,0
2,4,7288,0
1,5,559,0
1,5,800,0
1,5,619,0
2,5,5233,0
2,5,6112,0
2,5,6780,0
2,5,6843,0
2,5,5294,0
1,5,9434,0
1,5,7287,0
1,3,1092,0
1,5,4373,0
2,5,5854,0
2,5,6859,0
1,5,6051,0
1,5,6557,0
1,5,928,0
3,5,219,0
2,1,2334,0
1,5,485,0
1,5,5404,0
2,5,2987,0
3,5,93,0
3,5,223,0
2,5,7264,0
2,1,2584,0
2,5,7464,0
3,5,255,0
1,5,483,0
2,5,2956,0
2,5,755,0
1,5,829,0
2,5,3093,0
2,5,2468,0
1,5,823,0
2,5,6493,0
2,1,2628,0
1,5,418,0
1,5,5419,0
1,5,244,0
2,5,2540,0
2,2,5685,0
1,5,6033,0
2,2,2328,0
2,2,5877,0
2,1,7432,0
2,2,2323,0
1,1,2558,0
1,2,477,0
2,4,7060,0
1,2,5536,0
2,5,5191,0
1,3,5834,0
2,5,5289,0
2,1,7233,0
2,2,2434,0
2,1,2583,0
2,2,5776,0
1,1,7422,0
1,2,2284,0
1,2,5814,0
2,3,5664,0
1,2,2382,0
1,2,7805,0
2,2,5938,0
1,1,4949,0
1,2,5727,0
2,1,7833,0
2,2,2402,0
1,2,5797,0
2,1,2019,0
1,1,5095,0
1,2,1198,0
2,2,6132,0
2,2,764,0
1,1,5073,0
2,2,5723,0
2,4,1170,0
2,2,5699,0
2,2,5818,0
2,2,5766,0
2,2,5636,0
2,2,5755,0
2,1,2525,0
2,2,5556,0
1,1,2539,0
2,2,5676,0
1,5,339,0
1,5,355,0
2,2,5604,0
2,5,5334,0
2,2,5590,0
1,5,335,0
1,5,2422,0
2,5,2350,0
2,2,5656,0
2,2,5806,0
1,1,2526,0
2,2,5508,0
2,5,2105,0
3,5,241,0
2,5,5113,0
2,2,5794,0
2,5,2116,0
2,1,2298,0
2,2,5664,0
2,5,2044,0
2,2,2706,0
2,1,1974,0
2,1,2267,0
2,2,5809,0
1,1,7007,0
2,2,5591,0
2,2,5718,0
2,2,937,0
1,1,5050,0
2,2,2126,0
2,2,5781,0
2,1,1941,0
2,2,1119,0
2,2,5464,0
2,2,754,0
1,1,5025,0
2,2,5733,0
2,4,1102,0
2,2,5857,0
2,2,5743,0
2,2,5791,0
2,2,5797,0
2,1,1919,0
2,2,5710,0
2,5,4988,0
2,2,5661,0
2,2,5715,0
1,5,398,0
2,2,5665,0
2,2,5681,0
2,1,2035,0
2,2,5713,0
2,1,2113,0
2,2,5643,0
2,5,2093,0
2,2,2303,0
2,1,2039,0
2,2,5651,0
2,1,2139,0
2,2,5502,0
1,1,7461,0
2,2,1886,0
2,2,5692,0
2,2,998,0
1,1,5040,0
2,2,1770,0
2,2,5672,0
2,2,1956,0
2,2,1807,0
2,2,5990,0
2,1,1847,0
1,1,5206,0
2,2,1189,0
2,2,1999,0
2,2,691,0
1,1,5061,0
2,2,1916,0
2,4,1061,0
2,2,1873,0
2,2,5696,0
2,2,1929,0
2,2,5789,0
2,2,1939,0
2,2,5844,0
2,5,2915,0
2,2,5619,0
2,5,5352,0
2,5,2703,0
1,5,353,0
2,5,5991,0
2,5,5319,0
2,5,1981,0
2,5,2628,0
2,5,2934,0
2,5,2758,0
1,5,2651,0
2,5,2099,0
2,5,5941,0
2,5,2689,0
1,5,7730,0
2,5,2454,0
2,5,1918,0
2,5,2866,0
2,1,2234,0
2,5,4860,0
1,5,338,0
2,4,6949,0
2,5,2672,0
2,5,5632,0
1,5,445,0
2,5,2590,0
2,1,2273,0
2,5,1848,0
3,5,221,0
2,5,2689,0
3,1,8,0
2,5,1869,0
2,5,2741,0
2,5,4999,0
2,5,5074,0
2,5,4882,0
2,5,5338,0
1,5,5113,0
2,1,2028,0
1,5,404,0
2,5,5001,0
2,3,5651,0
1,5,341,0
1,5,2565,0
2,1,2117,0
3,5,71,0
2,5,5050,0
2,2,1745,0
2,2,5664,0
1,5,5090,0
2,2,1929,0
2,2,5668,0
2,2,2320,0
2,1,2114,0
2,2,1955,0
2,2,5510,0
2,2,1861,0
2,1,2146,0
2,2,5658,0
1,1,7283,0
2,2,1830,0
1,2,5631,0
3,5,33,0
2,5,5168,0
2,2,1955,0
1,2,5828,0
2,2,1958,0
2,2,993,0
1,1,4935,0
2,2,1915,0
2,2,5662,0
2,2,2154,0
2,2,1969,0
2,1,1792,0
1,1,5222,0
2,2,1184,0
2,2,2060,0
2,2,708,0
1,1,5296,0
2,2,1985,0
2,2,5706,0
2,4,1080,0
2,2,1965,0
2,2,5767,0
2,2,1950,0
2,2,1970,0
2,2,5688,0
3,5,61,0
2,5,4978,0
3,5,672,0
2,2,1961,0
2,2,5848,0
3,5,5,0
2,5,2532,0
2,0,5136,0
2,1,2084,0
2,5,5037,0
1,5,332,0
2,3,5991,0
1,5,2283,0
1,5,4992,0
2,1,2194,0
3,5,368,0
3,5,1090,0
3,5,23,0
1,5,5346,0
2,5,5234,0
1,5,448,0
2,5,2377,0
2,5,2565,0
2,5,5218,0
1,5,5272,0
1,5,2198,0
1,5,3140,0
2,5,5085,0
1,5,2544,0
3,5,62,0
3,5,364,0
2,5,1872,0
1,5,3134,0
3,5,None,0
1,5,1159,0
2,5,2519,0
2,1,835,0
2,5,2011,0
2,5,2013,0
2,5,2667,0
2,5,2539,0
2,1,2485,0
1,5,5262,0
2,5,1805,0
2,5,2711,0
1,5,5120,0
1,5,585,0
2,5,5185,0
2,2,2019,0
2,5,6152,0
1,5,457,0
2,2,2019,0
1,5,405,0
2,2,2438,0
2,1,2019,0
2,2,1952,0
2,2,5684,0
2,5,1839,0
2,5,1676,0
2,5,5149,0
2,2,2038,0
2,1,2166,0
1,1,8321,0
2,5,6531,0
2,2,5788,0
2,2,1820,0
2,2,1989,0
2,2,1976,0
2,2,5730,0
2,2,956,0
1,1,4969,0
2,2,1784,0
2,2,5603,0
2,2,2107,0
2,2,1989,0
2,1,1816,0
1,1,4995,0
2,2,1259,0
2,2,1943,0
2,2,783,0
1,1,2259,0
1,1,5144,0
2,2,1928,0
2,4,1010,0
2,2,1966,0
2,2,5685,0
2,2,2008,0
2,2,2044,0
2,2,5543,0
2,5,5406,0
2,2,5778,0
2,5,2278,0
2,5,2370,0
2,5,5295,0
2,5,2725,0
2,5,2944,0
2,1,2155,0
2,5,2735,0
3,5,3,0
2,5,2406,0
3,5,44,0
2,5,2682,0
2,5,5171,0
2,1,2367,0
2,5,5389,0
2,5,5492,0
1,5,738,0
2,5,5350,0
2,5,5204,0
1,5,350,0
2,0,2759,0
1,5,392,0
2,5,5099,0
2,5,5068,0
2,5,2491,0
2,5,2444,0
2,5,5129,0
2,5,5140,0
2,1,7232,0
2,5,2447,0
2,3,5842,0
2,5,5404,0
3,5,166,0
2,1,7209,0
2,1,2263,0
2,5,2369,0
2,4,7162,0
2,5,5067,0
2,5,5813,0
2,1,2552,0
2,1,7749,0
2,5,5447,0
2,5,2108,0
2,5,5041,0
2,2,1934,0
2,4,7380,0
2,2,5676,0
2,5,5235,0
1,2,471,0
2,2,5621,0
2,1,7159,0
2,2,2592,0
1,1,403,0
2,2,2062,0
2,2,5753,0
2,5,2732,0
2,5,2346,0
2,5,2216,0
2,5,5103,0
2,2,2090,0
2,1,7064,0
2,2,5601,0
1,1,7979,0
2,2,2075,0
2,2,6069,0
1,2,452,0
2,2,5863,0
1,1,15198,0
2,2,2038,0
2,2,5787,0
2,2,944,0
1,1,4891,0
2,2,1914,0
2,2,5804,0
1,2,394,0
2,2,2035,0
2,2,5641,0
2,1,1874,0
1,1,15150,0
1,1,5266,0
2,2,1127,0
2,2,2111,0
2,2,5899,0
1,1,6395,0
2,2,759,0
1,1,2269,0
1,1,4804,0
1,1,5143,0
2,2,2028,0
2,2,5760,0
2,4,1093,0
2,2,2065,0
2,2,5830,0
2,2,2009,0
2,2,5761,0
1,2,2062,0
1,2,5813,0
2,2,2130,0
2,2,5725,0
1,1,391,0
1,1,378,0
2,2,2008,0
1,2,5577,0
2,2,2073,0
1,2,5851,0
2,2,912,0
1,1,387,0
2,2,2153,0
2,2,5719,0
2,2,2056,0
2,2,5842,0
2,2,2023,0
2,2,5896,0
2,2,2089,0
1,2,5787,0
2,2,2077,0
2,2,5922,0
2,2,929,0
2,2,1985,0
2,2,5972,0
1,2,395,0
2,2,2071,0
2,2,5755,0
2,1,1778,0
1,1,5183,0
2,2,1308,0
1,2,2114,0
2,2,5674,0
2,2,751,0
1,1,2331,0
2,2,1995,0
2,2,5739,0
2,4,946,0
2,2,2062,0
2,2,5982,0
2,2,2064,0
2,2,5824,0
2,2,2013,0
1,2,5831,0
2,2,1987,0
1,2,7777,0
1,1,383,0
1,1,379,0
2,2,2241,0
1,2,5812,0
2,2,2037,0
2,2,5893,0
2,2,926,0
1,1,374,0
2,2,2058,0
1,2,5836,0
2,2,2045,0
1,2,5773,0
1,1,8132,0
2,2,1995,0
2,2,6040,0
2,2,2014,0
2,2,5900,0
2,2,5888,0
2,2,992,0
1,1,4899,0
1,2,5935,0
1,2,390,0
2,2,5934,0
2,1,1944,0
1,1,4959,0
1,2,1314,0
2,2,5888,0
2,2,805,0
1,1,2424,0
1,1,5028,0
1,2,5632,0
2,4,980,0
2,2,6014,0
2,2,5861,0
2,2,5801,0
2,2,5860,0
2,2,5765,0
1,1,389,0
2,2,5896,0
2,2,5638,0
2,2,5789,0
2,2,5860,0
1,2,5777,0
1,2,6014,0
1,1,397,0
2,2,5757,0
2,2,5715,0
1,2,5852,0
2,2,5905,0
2,2,934,0
1,1,386,0
2,2,5740,0
2,2,5760,0
1,1,7636,0
2,2,5894,0
2,2,5895,0
1,2,5785,0
2,2,941,0
1,1,4942,0
2,2,5773,0
1,2,397,0
2,2,5929,0
2,1,2008,0
1,1,4775,0
2,2,1308,0
2,2,5678,0
2,2,754,0
1,1,2365,0
1,1,5062,0
2,2,5859,0
2,4,1069,0
2,2,5932,0
2,2,5775,0
2,2,5779,0
2,2,6005,0
2,2,5709,0
1,1,386,0
2,2,5685,0
2,2,5735,0
1,2,5738,0
2,2,5752,0
2,2,5678,0
2,2,5671,0
1,1,379,0
2,2,5978,0
2,2,5711,0
1,2,5874,0
2,2,5790,0
2,2,936,0
1,1,375,0
1,2,5676,0
1,5,2400,0
1,5,2393,0
1,5,2382,0
1,2,5756,0
1,1,7836,0
2,2,5733,0
2,5,2543,0
2,5,2441,0
2,5,2555,0
2,2,5866,0
1,2,410,0
2,2,5801,0
2,2,946,0
1,1,4978,0
2,2,1968,0
2,2,5824,0
1,2,391,0
2,2,2061,0
2,2,5749,0
2,1,1779,0
2,2,1188,0
2,2,2011,0
2,2,5917,0
2,1,7009,0
2,2,814,0
1,1,5089,0
2,2,2041,0
2,2,5963,0
2,4,1037,0
2,2,2063,0
2,2,5696,0
1,2,2002,0
2,2,5881,0
1,5,5395,0
2,2,1994,0
2,2,5700,0
2,2,2123,0
2,2,5755,0
1,5,343,0
2,5,2614,0
1,1,389,0
2,5,5242,0
1,5,569,0
2,5,5111,0
2,5,2088,0
2,5,5074,0
2,5,2178,0
3,5,2270,0
2,5,5372,0
2,5,2180,0
2,1,2298,0
2,5,2922,0
2,5,2676,0
2,1,2016,0
2,5,2203,0
1,5,5119,0
2,2,2049,0
2,2,5482,0
1,5,5142,0
1,1,401,0
2,2,2074,0
2,1,7631,0
2,2,5633,0
2,2,879,0
2,1,2246,0
2,2,1901,0
2,2,5728,0
2,2,2058,0
2,1,2225,0
2,2,5687,0
2,1,6801,0
1,1,7379,0
2,2,1943,0
1,2,5875,0
2,2,2017,0
2,2,5836,0
2,5,5297,0
2,2,2051,0
2,2,5518,0
2,2,923,0
1,1,4879,0
2,2,5717,0
2,2,1903,0
2,2,2200,0
2,2,2037,0
2,2,5664,0
2,1,1793,0
2,2,1198,0
2,2,2171,0
2,2,5627,0
2,2,766,0
1,1,4977,0
2,2,1985,0
2,4,1120,0
2,2,2025,0
2,2,5809,0
2,1,7369,0
2,2,2057,0
1,2,5747,0
2,5,5229,0
2,5,5328,0
2,2,1999,0
2,2,5838,0
2,1,7091,0
2,5,5094,0
2,2,2055,0
2,2,5538,0
2,5,1994,0
2,5,5255,0
2,5,5108,0
2,5,2895,0
2,1,2224,0
2,5,2122,0
1,5,392,0
2,5,2832,0
2,5,2058,0
2,5,5317,0
2,5,2951,0
1,5,2973,0
1,5,2679,0
2,5,2804,0
2,5,2282,0
2,5,3043,0
2,1,2133,0
2,5,5041,0
2,5,2807,0
2,5,5041,0
1,5,2663,0
1,5,5181,0
1,1,399,0
2,1,2382,0
1,5,394,0
1,5,405,0
2,5,2845,0
2,1,2434,0
2,5,5191,0
1,5,2935,0
2,2,2063,0
2,2,5805,0
2,2,2175,0
2,2,5665,0
2,2,938,0
1,2,453,0
2,2,5693,0
2,2,2276,0
2,2,5705,0
1,1,12802,0
2,2,2170,0
1,2,5953,0
2,2,2236,0
2,2,5717,0
2,2,2136,0
2,2,5798,0
2,2,940,0
1,1,4793,0
2,2,2078,0
2,2,5665,0
2,2,2262,0
2,2,2033,0
2,2,5736,0
1,1,348,0
2,2,1187,0
2,2,2164,0
1,2,5623,0
2,2,704,0
1,1,5177,0
1,2,2176,0
2,2,5708,0
2,4,1132,0
1,2,458,0
2,2,5914,0
2,2,2182,0
2,2,5753,0
2,2,2259,0
2,2,5693,0
2,2,2229,0
2,2,5706,0
2,0,5264,0
1,5,396,0
2,5,5175,0
1,5,109,0
3,5,163,0
2,5,1594,0
2,5,2760,0
3,5,3081,0
2,5,2896,0
2,0,5194,0
1,5,396,0
2,5,2161,0
2,5,5136,0
2,5,5016,0
2,4,6995,0
2,3,5867,0
2,5,5246,0
2,5,2327,0
1,5,5216,0
2,5,2383,0
1,5,3005,0
1,5,415,0
2,1,2316,0
1,5,2714,0
1,5,1924,0
1,5,2453,0
2,5,2359,0
2,1,2498,0
1,5,2903,0
2,2,2139,0
1,2,2477,0
2,2,2251,0
2,2,5626,0
2,2,923,0
2,1,2399,0
2,2,2110,0
1,2,5894,0
2,2,2225,0
1,1,388,0
2,2,5816,0
2,2,2232,0
2,2,5867,0
2,2,2255,0
2,1,2344,0
2,2,5801,0
2,2,2112,0
1,2,5816,0
2,2,918,0
2,2,2172,0
2,2,5802,0
2,2,2359,0
2,2,2130,0
2,1,1922,0
1,1,5881,0
2,2,1188,0
2,2,2173,0
2,2,5617,0
2,2,758,0
1,1,438,0
2,2,2139,0
2,2,5790,0
2,4,1079,0
2,2,2189,0
1,2,5940,0
2,2,2185,0
2,2,5733,0
1,2,2181,0
2,2,2175,0
2,2,5983,0
2,1,2149,0
2,5,5264,0
2,2,2250,0
1,2,5675,0
2,2,2249,0
2,2,5884,0
2,2,901,0
2,2,2177,0
1,2,7639,0
2,2,2163,0
2,2,5837,0
2,2,2249,0
2,2,5771,0
2,2,2175,0
2,2,5836,0
2,2,2696,0
2,2,5834,0
2,2,921,0
2,2,2056,0
2,2,5775,0
1,2,2253,0
1,2,5709,0
2,1,1782,0
1,1,6000,0
2,2,1187,0
2,2,2233,0
2,2,5630,0
2,2,696,0
1,1,3829,0
2,2,2146,0
2,2,5673,0
2,4,1122,0
2,2,2246,0
2,2,5777,0
2,2,2249,0
1,2,5696,0
2,2,2201,0
2,2,5730,0
1,5,3302,0
2,2,2165,0
2,2,5788,0
2,5,5368,0
2,5,5478,0
2,5,5264,0
2,5,5664,0
2,1,7044,0
2,2,2231,0
1,2,3156,0
2,2,2240,0
2,2,5800,0
2,2,922,0
1,1,392,0
1,2,387,0
2,2,5835,0
1,2,455,0
1,2,5948,0
1,1,8069,0
2,2,2237,0
1,2,5784,0
2,2,2244,0
1,2,5801,0
1,2,2483,0
2,2,1089,0
1,1,5066,0
1,2,5852,0
1,2,403,0
1,2,5725,0
2,1,2005,0
1,1,5693,0
2,2,1203,0
1,1,3862,0
1,1,5086,0
2,4,1044,0
2,2,5864,0
2,2,5747,0
1,1,388,0
2,2,5785,0
2,5,5517,0
2,5,5400,0
1,1,394,0
2,2,5858,0
2,1,6940,0
2,2,5772,0
2,5,2278,0
2,2,5760,0
2,2,918,0
1,1,422,0
2,2,5766,0
2,2,5796,0
1,1,9032,0
2,2,5894,0
2,2,5873,0
2,2,928,0
1,1,4922,0
1,2,406,0
2,1,1954,0
1,1,5600,0
2,2,1241,0
2,2,5730,0
2,2,755,0
1,1,3982,0
1,1,5028,0
2,2,5898,0
2,4,1104,0
2,2,5714,0
2,2,5726,0
2,2,5816,0
2,2,5684,0
1,1,389,0
2,2,5806,0
2,2,5842,0
2,2,5603,0
2,5,5443,0
1,1,403,0
2,2,5688,0
2,2,5742,0
2,2,5771,0
2,2,905,0
1,1,396,0
2,2,5925,0
1,1,7652,0
2,2,5977,0
2,2,2203,0
2,2,5797,0
2,2,937,0
1,1,4865,0
2,2,2018,0
2,2,2187,0
2,2,5840,0
2,1,1783,0
2,2,1132,0
1,2,2109,0
2,2,5678,0
2,2,692,0
1,1,5120,0
2,2,2219,0
2,4,1030,0
2,2,2177,0
2,2,5658,0
2,2,2235,0
2,2,2242,0
2,2,2242,0
2,2,5636,0
1,5,824,0
2,5,5549,0
2,5,5309,0
2,5,2929,0
1,0,464,0
1,5,772,0
1,5,638,0
2,5,2672,0
1,5,457,0
2,1,2334,0
1,1,753,0
2,5,5208,0
2,5,2665,0
1,0,461,0
1,5,579,0
1,5,637,0
1,5,759,0
2,5,5182,0
2,5,5405,0
1,5,5541,0
2,1,7971,0
2,5,5828,0
2,5,5445,0
1,5,6280,0
2,5,5450,0
2,5,5388,0
2,5,5378,0
3,5,347,0
3,5,356,0
2,5,2283,0
1,5,3170,0
1,5,5200,0
2,1,2383,0
1,5,5252,0
2,5,5242,0
1,5,528,0
2,5,4688,0
2,5,2299,0
2,1,2480,0
2,5,2956,0
1,5,3355,0
1,5,403,0
2,5,5473,0
2,2,2124,0
2,2,2172,0
2,1,2462,0
2,5,2738,0
1,5,352,0
2,2,946,0
2,1,2373,0
2,2,1975,0
2,2,2184,0
2,1,2476,0
2,2,5756,0
2,1,7028,0
1,1,7381,0
2,2,2078,0
1,5,345,0
1,5,377,0
2,2,2186,0
2,0,5518,0
2,2,2239,0
2,2,5948,0
2,2,1007,0
1,1,4823,0
2,2,2188,0
2,1,7686,0
2,2,5748,0
2,2,2344,0
2,2,2245,0
2,1,1807,0
1,1,6091,0
2,2,1186,0
2,2,2274,0
2,2,5621,0
2,2,704,0
1,1,5054,0
2,2,2216,0
2,2,5720,0
2,4,1030,0
2,2,2177,0
2,2,6154,0
2,2,2187,0
2,2,2191,0
1,5,5231,0
1,5,385,0
2,2,2127,0
2,5,2354,0
2,5,2164,0
2,5,5609,0
2,5,3254,0
1,5,5810,0
2,5,6796,0
2,5,2143,0
1,5,123,0
2,1,2219,0
3,5,9,0
2,1,592,0
2,5,739,0
2,5,5598,0
1,5,360,0
2,5,2724,0
1,5,5569,0
2,1,2671,0
2,5,3038,0
2,5,6439,0
2,5,2459,0
2,5,2830,0
3,5,2413,0
2,5,5434,0
2,5,6011,0
1,5,5484,0
2,5,5564,0
2,1,2647,0
2,5,6792,0
1,5,921,0
1,5,1241,0
1,5,875,0
1,5,151,0
2,5,2310,0
3,5,57,0
3,1,29,0
1,5,1012,0
1,5,894,0
2,5,887,0
1,5,5324,0
2,1,8353,0
3,5,15,0
2,5,2205,0
2,5,2248,0
2,5,5737,0
2,5,2956,0
2,5,3287,0
2,5,5598,0
2,5,5364,0
2,5,6643,0
1,5,5490,0
2,5,1458,0
2,5,2977,0
2,5,5533,0
2,1,2698,0
2,5,2882,0
1,5,5747,0
2,5,2814,0
2,5,1550,0
2,2,2105,0
2,2,2219,0
3,5,114,0
2,5,2664,0
2,2,982,0
2,1,2300,0
2,2,2157,0
2,2,2227,0
2,1,2409,0
2,2,2004,0
2,2,6153,0
2,5,5263,0
1,2,2218,0
2,2,2184,0
2,2,979,0
2,2,2125,0
2,1,7887,0
2,2,2398,0
1,5,354,0
1,5,5494,0
2,2,2128,0
2,2,1315,0
2,2,2181,0
2,1,6888,0
2,2,770,0
1,1,5148,0
2,2,2116,0
2,2,5823,0
1,4,1440,0
2,2,2263,0
2,2,2249,0
2,2,2260,0
3,1,28,0
2,0,2197,0
2,5,5429,0
3,5,5,0
2,5,2355,0
2,2,2167,0
2,5,860,0
2,5,5382,0
3,5,216,0
2,5,5348,0
3,5,15,0
2,1,2368,0
2,5,2972,0
2,1,7449,0
2,5,1569,0
1,5,836,0
2,5,932,0
2,1,2359,0
2,5,2364,0
2,5,5342,0
1,5,273,0
2,1,2483,0
1,5,653,0
2,5,4602,0
1,5,629,0
2,5,4687,0
2,5,5434,0
2,5,4012,0
2,5,3147,0
2,5,5172,0
2,5,5342,0
2,5,4420,0
2,5,3067,0
2,5,1974,0
1,0,352,0
2,5,1297,0
1,5,533,0
2,5,1941,0
1,5,5922,0
2,0,2428,0
2,5,2315,0
1,5,2305,0
2,5,3069,0
3,0,660,0
3,0,602,0
2,1,2277,0
1,5,250,0
3,5,39,0
2,5,2333,0
2,5,5432,0
2,5,5916,0
2,5,2313,0
3,5,32,0
2,5,5231,0
2,1,2421,0
1,5,436,0
2,5,3267,0
2,2,2008,0
1,5,354,0
2,2,2294,0
2,5,5588,0
2,2,1078,0
2,1,2270,0
2,2,2155,0
2,2,5900,0
2,2,2119,0
2,1,2504,0
2,2,5879,0
2,5,2750,0
2,2,2178,0
2,2,6001,0
2,5,2225,0
2,5,1957,0
1,2,2244,0
2,2,2237,0
2,2,994,0
2,2,2126,0
2,2,6000,0
2,2,2333,0
2,2,2082,0
1,1,1801,0
1,1,6017,0
2,2,1187,0
2,2,2219,0
2,2,6750,0
2,2,707,0
1,1,4644,0
2,2,2260,0
2,2,5915,0
1,4,980,0
2,2,2282,0
2,2,6008,0
1,1,3479,0
2,2,2187,0
2,2,5900,0
2,2,2268,0
2,5,5356,0
2,2,2238,0
2,2,5810,0
2,5,6076,0
2,5,5148,0
1,5,329,0
2,1,7247,0
2,5,5286,0
2,0,4993,0
2,1,2169,0
2,4,7029,0
2,5,1955,0
1,5,2963,0
2,5,2867,0
1,5,461,0
2,5,1902,0
1,5,5328,0
2,5,2880,0
2,1,8024,0
1,5,417,0
3,5,1711,0
2,5,2263,0
3,5,55,0
2,5,5897,0
1,5,6211,0
1,5,6701,0
2,5,2205,0
3,5,136,0
1,5,407,0
2,5,3474,0
1,5,5866,0
1,5,2896,0
2,5,3347,0
3,5,7,0
1,3,917,0
1,5,5581,0
3,5,2788,0
1,5,5424,0
2,5,5304,0
2,5,4331,0
1,5,5360,0
2,5,5310,0
2,5,3022,0
2,5,2291,0
2,5,2897,0
2,3,6179,0
3,5,472,0
2,5,2295,0
2,5,5377,0
2,5,2837,0
2,1,2667,0
2,1,8147,0
2,5,5326,0
1,5,358,0
2,5,1804,0
2,5,2939,0
3,5,1047,0
1,5,3680,0
2,5,5853,0
2,0,5467,0
2,5,2378,0
2,5,4967,0
2,1,2376,0
2,5,3138,0
2,5,2882,0
2,5,2810,0
1,0,3190,0
1,0,612,0
1,0,3324,0
2,5,5554,0
2,5,3550,0
2,2,2100,0
2,2,5900,0
2,1,2467,0
2,2,2263,0
1,2,2576,0
2,2,866,0
1,1,401,0
2,2,2163,0
2,2,4907,0
2,2,2264,0
2,1,6190,0
1,2,394,0
2,2,2242,0
2,2,2179,0
2,2,990,0
1,2,2151,0
1,2,461,0
2,2,2274,0
2,2,5067,0
1,1,1883,0
1,1,5022,0
2,2,1559,0
2,2,2252,0
2,2,1004,0
1,1,4807,0
1,0,3007,0
2,2,2170,0
2,4,1138,0
2,2,2221,0
2,2,4984,0
1,2,480,0
2,2,5080,0
2,2,2303,0
2,2,5094,0
2,5,5284,0
2,2,2245,0
2,2,4911,0
3,5,170,0
2,5,4671,0
2,5,5233,0
2,0,4592,0
2,5,2291,0
2,5,4679,0
1,5,396,0
2,3,5119,0
2,1,2518,0
2,1,7219,0
3,5,35,0
2,5,4452,0
2,4,7062,0
1,0,2853,0
1,3,5186,0
1,0,3116,0
1,5,5539,0
2,5,4959,0
1,5,2368,0
2,5,5333,0
2,5,5288,0
2,3,5033,0
2,5,2566,0
2,0,4664,0
1,5,5320,0
2,1,6572,0
3,5,855,0
1,5,2797,0
2,5,4743,0
2,5,2424,0
1,1,410,0
2,3,5117,0
2,5,4804,0
2,5,1431,0
1,5,4626,0
2,0,2403,0
1,0,1990,0
2,5,5318,0
1,5,266,0
2,5,1534,0
1,5,270,0
2,5,5524,0
2,5,2845,0
2,2,2185,0
2,2,4807,0
2,1,2508,0
2,2,4968,0
2,1,6572,0
2,2,2210,0
2,2,963,0
1,1,436,0
2,2,2155,0
2,2,5148,0
1,2,5115,0
1,0,7862,0
2,2,2193,0
1,2,5048,0
2,2,2230,0
1,2,5114,0
2,2,4973,0
2,2,989,0
1,0,3313,0
2,2,5102,0
1,2,399,0
1,2,5110,0
1,1,2031,0
1,1,5128,0
2,2,1400,0
1,2,5362,0
2,2,992,0
1,1,4689,0
1,0,2891,0
1,2,4962,0
2,4,1153,0
1,2,5104,0
1,2,4979,0
1,2,4839,0
2,2,5021,0
2,2,4924,0
1,1,391,0
1,2,5032,0
2,2,4991,0
1,2,5010,0
1,2,5023,0
1,2,5040,0
1,2,4905,0
1,5,3083,0
1,1,441,0
1,2,4938,0
1,2,5049,0
1,5,7475,0
1,2,4931,0
2,2,1048,0
1,1,381,0
1,2,4948,0
1,2,5011,0
1,0,8015,0
1,2,4988,0
1,2,4929,0
1,2,4952,0
1,2,392,0
1,0,3191,0
1,2,5046,0
1,2,403,0
2,2,4903,0
1,1,430,0
1,1,4706,0
2,2,1403,0
1,2,5110,0
2,2,979,0
1,1,4575,0
1,0,2859,0
2,2,4857,0
2,4,1032,0
1,2,5178,0
2,2,5187,0
1,1,380,0
2,2,4994,0
2,2,5160,0
1,1,385,0
2,2,5054,0
2,2,5057,0
2,2,962,0
1,1,383,0
2,2,5064,0
1,0,7888,0
2,2,2256,0
2,2,988,0
1,0,3230,0
2,2,2122,0
1,2,403,0
1,1,1839,0
1,1,4925,0
2,2,1537,0
2,2,2335,0
2,2,5299,0
2,2,976,0
1,0,2802,0
2,2,2226,0
2,4,1043,0
2,2,2266,0
2,2,5003,0
2,2,2307,0
2,0,4477,0
2,5,4515,0
2,5,4415,0
2,2,2187,0
2,5,5306,0
1,5,6278,0
2,5,750,0
3,5,886,0
2,5,2254,0
2,5,4656,0
2,1,2365,0
1,5,3166,0
2,5,4740,0
1,0,349,0
2,4,6993,0
2,3,5222,0
1,5,3165,0
2,5,3048,0
1,0,4788,0
2,5,5592,0
1,5,5077,0
1,0,5056,0
1,5,5022,0
2,5,4984,0
2,5,3055,0
2,5,6289,0
1,5,2837,0
2,5,4606,0
1,5,2854,0
2,5,2468,0
2,5,4478,0
2,5,2063,0
2,5,4641,0
2,5,5320,0
2,5,4604,0
1,5,423,0
1,5,4921,0
3,5,335,0
1,5,3104,0
2,0,4807,0
2,5,4668,0
1,5,2603,0
1,5,2935,0
2,5,6540,0
1,5,3892,0
2,5,3334,0
1,5,3271,0
1,5,2995,0
2,2,2496,0
2,5,4698,0
2,5,4652,0
2,2,2184,0
1,1,2774,0
3,5,384,0
2,2,972,0
1,1,878,0
2,2,2244,0
2,5,2633,0
1,1,2732,0
2,2,2200,0
2,2,2206,0
2,0,6397,0
2,5,4672,0
2,2,2191,0
1,1,2733,0
2,2,2200,0
2,2,4909,0
2,5,4700,0
2,2,1003,0
1,1,4193,0
2,2,2160,0
1,1,2682,0
1,2,484,0
2,2,2190,0
1,1,1022,0
1,1,4860,0
2,2,1144,0
1,1,2716,0
2,2,2301,0
2,2,4799,0
2,2,783,0
1,1,1912,0
2,2,2134,0
2,2,4944,0
2,4,1104,0
2,2,2212,0
2,2,2242,0
2,2,4993,0
1,1,2669,0
2,2,2159,0
2,2,4823,0
2,5,2991,0
2,0,2300,0
2,2,2047,0
2,5,4470,0
2,5,4482,0
2,5,4791,0
2,0,2360,0
1,5,347,0
2,5,2233,0
2,5,2632,0
2,5,4847,0
1,5,5003,0
1,5,2628,0
2,5,2511,0
2,0,3080,0
2,3,4763,0
1,3,5115,0
2,5,3026,0
1,5,410,0
1,5,5248,0
2,4,7588,0
2,5,5466,0
2,1,657,0
2,5,1947,0
2,5,5340,0
1,5,123,0
3,5,252,0
2,5,1575,0
2,5,1748,0
2,5,1626,0
3,5,121,0
1,5,4978,0
2,5,2997,0
2,5,1549,0
1,5,143,0
2,5,803,0
2,1,1907,0
2,5,1431,0
2,5,4733,0
2,5,6055,0
1,4,7210,0
1,3,5006,0
1,5,588,0
1,5,395,0
2,3,6012,0
2,5,1452,0
2,5,2987,0
2,5,3227,0
1,5,5765,0
2,5,2553,0
2,1,2408,0
2,5,1822,0
1,5,798,0
2,5,5326,0
3,5,1894,0
3,5,227,0
1,5,6520,0
2,1,1875,0
3,5,249,0
2,5,3433,0
2,5,5436,0
1,3,5411,0
2,5,2881,0
2,1,2149,0
2,5,2170,0
2,5,3410,0
3,5,44,0
2,5,3523,0
1,5,4972,0
1,5,2939,0
2,5,2014,0
2,2,1698,0
2,2,5307,0
2,5,3257,0
2,3,5181,0
1,5,5252,0
2,5,5131,0
2,5,4785,0
2,2,1776,0
2,1,2089,0
2,2,1022,0
2,1,1834,0
2,2,1614,0
2,2,1762,0
2,1,1949,0
1,1,10046,0
2,5,6545,0
1,5,465,0
2,2,1711,0
2,2,1673,0
2,2,994,0
1,1,4568,0
2,2,1608,0
2,2,4941,0
2,2,1815,0
2,2,1511,0
1,1,944,0
1,1,465,0
2,2,1195,0
2,2,1636,0
2,2,5687,0
2,2,770,0
1,1,1734,0
1,1,1817,0
1,2,469,0
2,4,1048,0
2,2,1778,0
2,2,1699,0
2,2,1645,0
2,5,5701,0
2,2,1707,0
2,5,4446,0
2,5,1812,0
2,5,1720,0
2,1,1888,0
2,5,1017,0
1,5,213,0
3,5,15,0
2,5,1798,0
2,5,4613,0
2,5,4761,0
2,1,1825,0
2,5,2478,0
2,5,2892,0
2,5,2458,0
2,5,1845,0
2,5,1774,0
2,1,1912,0
2,5,4240,0
1,5,2389,0
3,5,1063,0
1,0,1828,0
1,5,6371,0
2,4,7205,0
2,5,3254,0
2,5,1799,0
2,5,4508,0
2,1,1971,0
2,5,4602,0
2,5,4732,0
2,5,2404,0
2,5,1721,0
2,5,1777,0
1,5,4664,0
2,4,7117,0
1,5,4714,0
1,5,896,0
2,1,1875,0
2,5,4480,0
2,0,1820,0
3,5,1489,0
2,5,1833,0
2,1,1686,0
2,5,1943,0
3,0,52,0
2,1,2021,0
2,1,7161,0
1,3,5000,0
1,5,382,0
1,5,477,0
1,5,355,0
2,5,4815,0
2,2,1829,0
1,4,6916,0
2,2,1836,0
2,1,2105,0
2,5,4483,0
2,2,1029,0
2,1,1880,0
2,2,1662,0
1,4,2900,0
1,3,4965,0
2,1,2084,0
2,2,1781,0
2,2,5065,0
1,1,9750,0
2,2,1605,0
2,4,6884,0
1,3,5341,0
2,2,1720,0
2,1,2152,0
2,2,1662,0
2,2,1001,0
1,1,4369,0
2,2,1701,0
2,2,5023,0
2,2,1934,0
2,2,1802,0
2,2,4899,0
1,1,966,0
2,3,5285,0
1,1,4688,0
2,2,1533,0
2,2,1768,0
2,2,5120,0
2,2,762,0
1,1,1773,0
1,1,1947,0
2,2,1678,0
2,4,1195,0
2,2,1737,0
2,2,1748,0
2,2,1770,0
2,0,4402,0
1,2,277,0
1,2,691,0
2,5,1896,0
3,5,1011,0
2,5,2891,0
3,5,5,0
1,5,4795,0
1,0,572,0
2,1,2080,0
2,1,6609,0
1,5,360,0
2,5,2400,0
3,5,113,0
2,5,1916,0
3,5,262,0
2,1,1755,0
2,5,3084,0
3,0,21,0
2,0,1318,0
2,5,1842,0
2,0,1133,0
2,5,1815,0
1,5,1917,0
1,5,2732,0
2,5,1672,0
1,5,4941,0
1,5,4839,0
2,5,2147,0
2,5,2205,0
1,5,2288,0
2,5,2296,0
2,5,2391,0
2,5,2352,0
1,5,5069,0
2,1,2210,0
1,5,1778,0
2,5,7850,0
1,5,5265,0
1,5,5179,0
1,5,2678,0
1,5,5069,0
2,5,2134,0
3,5,2150,0
3,5,833,0
1,3,3513,0
2,5,2642,0
1,5,4881,0
2,5,3026,0
2,5,2575,0
1,5,4820,0
1,5,5054,0
1,5,541,0
1,5,3274,0
1,5,3120,0
1,5,1931,0
1,5,803,0
1,5,2009,0
1,5,1888,0
